选区编号?,选区名称（中文）?,地区?,国家/构成国
1,阿伯拉旺,威尔士,威尔士
2,阿伯康威,威尔士,威尔士
3,阿伯丁北,苏格兰,苏格兰
4,阿伯丁南,苏格兰,苏格兰
5,西阿伯丁郡与金卡丁,苏格兰,苏格兰
6,艾尔德里与肖茨,苏格兰,苏格兰
7,奥尔德肖特,东南英格兰,英格兰
8,奥德里奇-布朗希尔斯,西米德兰兹,英格兰
9,奥特林厄姆与西塞尔,西北英格兰,英格兰
10,阿林与迪赛德,威尔士,威尔士
11,安伯瓦利,东米德兰兹,英格兰
12,安格斯,苏格兰,苏格兰
13,东安特里姆,北爱尔兰,北爱尔兰
14,北安特里姆,北爱尔兰,北爱尔兰
15,南安特里姆,北爱尔兰,北爱尔兰
16,阿尔丰,威尔士,威尔士
17,阿盖尔与比特,苏格兰,苏格兰
18,阿伦德尔与南唐斯,东南英格兰,英格兰
19,阿什菲尔德,东米德兰兹,英格兰
20,阿什福德,东南英格兰,英格兰
21,阿什顿安德莱恩,西北英格兰,英格兰
22,艾尔斯伯里,东南英格兰,英格兰
23,艾尔、卡里克与坎诺克,苏格兰,苏格兰
24,中艾尔郡,苏格兰,苏格兰
25,北艾尔郡与阿伦,苏格兰,苏格兰
26,班伯里,东南英格兰,英格兰
27,班夫与巴肯,苏格兰,苏格兰
28,巴金,伦敦,英格兰
29,巴恩斯利中央,约克郡-亨伯,英格兰
30,巴恩斯利东,约克郡-亨伯,英格兰
31,巴罗与弗内斯,西北英格兰,英格兰
32,巴西尔登与比利特里凯,东英格兰,英格兰
33,南巴西尔登与东瑟罗克,东英格兰,英格兰
34,贝辛斯托克,东南英格兰,英格兰
35,巴塞特劳,东米德兰兹,英格兰
36,巴斯,西南英格兰,英格兰
37,巴特利与斯彭,约克郡-亨伯,英格兰
38,巴特西,伦敦,英格兰
39,比肯斯菲尔德,东南英格兰,英格兰
40,贝肯纳姆,伦敦,英格兰
41,贝德福德,东英格兰,英格兰
42,中贝德福德郡,东英格兰,英格兰
43,东北贝德福德郡,东英格兰,英格兰
44,西南贝德福德郡,东英格兰,英格兰
45,贝尔法斯特东,北爱尔兰,北爱尔兰
46,贝尔法斯特北,北爱尔兰,北爱尔兰
47,贝尔法斯特南,北爱尔兰,北爱尔兰
48,贝尔法斯特西,北爱尔兰,北爱尔兰
49,伯蒙齐与老萨瑟克,伦敦,英格兰
50,贝里克,东北英格兰,英格兰
51,贝里克郡、罗克斯堡与塞尔扣克,苏格兰,苏格兰
52,贝斯纳尔格林与鲍,伦敦,英格兰
53,贝弗利与霍尔德内斯,约克郡-亨伯,英格兰
54,贝克斯希尔与巴特尔,东南英格兰,英格兰
55,贝克斯利希思与克雷福德,伦敦,英格兰
56,伯肯黑德,西北英格兰,英格兰
57,伯明翰埃德巴斯顿,西米德兰兹,英格兰
58,伯明翰厄丁顿,西米德兰兹,英格兰
59,伯明翰霍尔格林,西米德兰兹,英格兰
60,伯明翰霍奇希尔,西米德兰兹,英格兰
61,伯明翰莱迪伍德,西米德兰兹,英格兰
62,伯明翰诺斯菲尔德,西米德兰兹,英格兰
63,伯明翰佩里巴尔,西米德兰兹,英格兰
64,伯明翰塞利奥克,西米德兰兹,英格兰
65,伯明翰亚德利,西米德兰兹,英格兰
66,毕晓普奥克兰,东北英格兰,英格兰
67,布莱克本,西北英格兰,英格兰
68,布莱克利与布劳顿,西北英格兰,英格兰
69,布莱克浦北与克利夫利,西北英格兰,英格兰
70,布莱克浦南,西北英格兰,英格兰
71,布莱奈格温特,威尔士,威尔士
72,布莱登,东北英格兰,英格兰
73,布莱斯谷,东北英格兰,英格兰
74,博格诺里吉斯与利特尔汉普顿,东南英格兰,英格兰
75,博尔索弗,东米德兰兹,英格兰
76,博尔顿东北,西北英格兰,英格兰
77,博尔顿东南,西北英格兰,英格兰
78,博尔顿西,西北英格兰,英格兰
79,布特尔,西北英格兰,英格兰
80,波士顿与斯凯格内斯,东米德兰兹,英格兰
81,博斯沃思,东米德兰兹,英格兰
82,伯恩茅斯东,西南英格兰,英格兰
83,伯恩茅斯西,西南英格兰,英格兰
84,布拉克内尔,东南英格兰,英格兰
85,布拉德福德东,约克郡-亨伯,英格兰
86,布拉德福德南,约克郡-亨伯,英格兰
87,布拉德福德西,约克郡-亨伯,英格兰
88,布伦特里,东英格兰,英格兰
89,布雷肯与拉德诺郡,威尔士,威尔士
90,布伦特中央,伦敦,英格兰
91,布伦特北,伦敦,英格兰
92,布伦特福德与艾尔沃思,伦敦,英格兰
93,布伦特伍德与翁加尔,东英格兰,英格兰
94,布里真德,威尔士,威尔士
95,布里奇沃特与西萨默塞特,西南英格兰,英格兰
96,布里格与古尔,约克郡-亨伯,英格兰
97,布赖顿肯普敦,东南英格兰,英格兰
98,布赖顿阁楼,东南英格兰,英格兰
99,布里斯托尔东,西南英格兰,英格兰
100,布里斯托尔西北,西南英格兰,英格兰
101,布里斯托尔南,西南英格兰,英格兰
102,布里斯托尔西,西南英格兰,英格兰
103,布罗德兰,东英格兰,英格兰
104,布罗姆利与奇斯尔赫斯特,伦敦,英格兰
105,布罗姆斯格罗夫,西米德兰兹,英格兰
106,布罗克斯本,东英格兰,英格兰
107,布罗克斯托,东米德兰兹,英格兰
108,白金汉,东南英格兰,英格兰
109,伯恩利,西北英格兰,英格兰
110,伯顿,西米德兰兹,英格兰
111,伯里北,西北英格兰,英格兰
112,伯里南,西北英格兰,英格兰
113,伯里圣埃德蒙兹,东英格兰,英格兰
114,卡尔菲利,威尔士,威尔士
115,凯斯内斯、萨瑟兰与伊斯特罗斯,苏格兰,苏格兰
116,考尔德谷,约克郡-亨伯,英格兰
117,坎伯韦尔与佩卡姆,伦敦,英格兰
118,坎伯恩与雷德鲁斯,西南英格兰,英格兰
119,剑桥,东英格兰,英格兰
120,东北剑桥郡,东英格兰,英格兰
121,西北剑桥郡,东英格兰,英格兰
122,南剑桥郡,东英格兰,英格兰
123,东南剑桥郡,东英格兰,英格兰
124,坎诺克蔡斯,西米德兰兹,英格兰
125,坎特伯雷,东南英格兰,英格兰
126,加的夫中央,威尔士,威尔士
127,加的夫北,威尔士,威尔士
128,加的夫南与珀纳斯,威尔士,威尔士
129,加的夫西,威尔士,威尔士
130,卡莱尔,西北英格兰,英格兰
131,卡马森东与迪内弗尔,威尔士,威尔士
132,卡马森西与南彭布罗克郡,威尔士,威尔士
133,卡沙尔顿与沃灵顿,伦敦,英格兰
134,卡斯尔波因特,东英格兰,英格兰
135,锡尔迪金,威尔士,威尔士
136,查恩伍德,东米德兰兹,英格兰
137,查塔姆与艾尔斯福德,东南英格兰,英格兰
138,奇德尔,西北英格兰,英格兰
139,切姆斯福德,东英格兰,英格兰
140,切尔西与富勒姆,伦敦,英格兰
141,切尔滕纳姆,西南英格兰,英格兰
142,切舍姆与阿默舍姆,东南英格兰,英格兰
143,切斯特市,西北英格兰,英格兰
144,切斯特菲尔德,东米德兰兹,英格兰
145,奇切斯特,东南英格兰,英格兰
146,钦福德与伍德福德格林,伦敦,英格兰
147,奇彭纳姆,西南英格兰,英格兰
148,奇平巴尼特,伦敦,英格兰
149,乔利,西北英格兰,英格兰
150,克赖斯特彻奇,西南英格兰,英格兰
151,伦敦城与威斯敏斯特,伦敦,英格兰
152,克莱克顿,东英格兰,英格兰
153,克利索普斯,约克郡-亨伯,英格兰
154,克卢伊德南,威尔士,威尔士
155,克卢伊德西,威尔士,威尔士
156,科特布里奇、克莱斯顿与贝尔希尔,苏格兰,苏格兰
157,科尔切斯特,东英格兰,英格兰
158,科恩谷,约克郡-亨伯,英格兰
159,康格尔顿,西北英格兰,英格兰
160,科普兰,西北英格兰,英格兰
161,科比,东米德兰兹,英格兰
162,北康沃尔,西南英格兰,英格兰
163,东南康沃尔,西南英格兰,英格兰
164,科茨沃尔德,西南英格兰,英格兰
165,考文垂东北,西米德兰兹,英格兰
166,考文垂西北,西米德兰兹,英格兰
167,考文垂南,西米德兰兹,英格兰
168,克劳利,东南英格兰,英格兰
169,克鲁与南特威奇,西北英格兰,英格兰
170,克罗伊登中央,伦敦,英格兰
171,克罗伊登北,伦敦,英格兰
172,克罗伊登南,伦敦,英格兰
173,坎伯诺尔德、基尔塞斯与东柯金蒂洛赫,苏格兰,苏格兰
174,锡农谷,威尔士,威尔士
175,达格纳姆与雷纳姆,伦敦,英格兰
176,达灵顿,东北英格兰,英格兰
177,达特福德,东南英格兰,英格兰
178,达文特里,东米德兰兹,英格兰
179,德林,威尔士,威尔士
180,登顿与雷迪什,西北英格兰,英格兰
181,德比北,东米德兰兹,英格兰
182,德比南,东米德兰兹,英格兰
183,德比郡谷地,东米德兰兹,英格兰
184,中德比郡,东米德兰兹,英格兰
185,东北德比郡,东米德兰兹,英格兰
186,南德比郡,东米德兰兹,英格兰
187,德维齐斯,西南英格兰,英格兰
188,中德文郡,西南英格兰,英格兰
189,东德文郡,西南英格兰,英格兰
190,北德文郡,西南英格兰,英格兰
191,西南德文郡,西南英格兰,英格兰
192,西德文郡与托里奇,西南英格兰,英格兰
193,迪斯伯里,约克郡-亨伯,英格兰
194,唐谷,约克郡-亨伯,英格兰
195,唐卡斯特中央,约克郡-亨伯,英格兰
196,唐卡斯特北,约克郡-亨伯,英格兰
197,中多塞特与普尔北,西南英格兰,英格兰
198,北多塞特,西南英格兰,英格兰
199,南多塞特,西南英格兰,英格兰
200,西多塞特,西南英格兰,英格兰
201,多佛,东南英格兰,英格兰
202,北当,北爱尔兰,北爱尔兰
203,南当,北爱尔兰,北爱尔兰
204,达德利北,西米德兰兹,英格兰
205,达德利南,西米德兰兹,英格兰
206,达利奇与西诺伍德,伦敦,英格兰
207,邓弗里斯与加洛韦,苏格兰,苏格兰
208,邓弗里斯郡、克莱兹代尔与特威代尔,苏格兰,苏格兰
209,东邓巴顿郡,苏格兰,苏格兰
210,西邓巴顿郡,苏格兰,苏格兰
211,邓迪东,苏格兰,苏格兰
212,邓迪西,苏格兰,苏格兰
213,邓弗姆林与西法夫,苏格兰,苏格兰
214,达勒姆市,东北英格兰,英格兰
215,北达勒姆,东北英格兰,英格兰
216,西北达勒姆,东北英格兰,英格兰
217,多尔威梅里奥尼德,威尔士,威尔士
218,伊灵中央与阿克顿,伦敦,英格兰
219,伊灵北,伦敦,英格兰
220,南伊灵,伦敦,英格兰
221,伊辛顿,东北英格兰,英格兰
222,东汉姆,伦敦,英格兰
223,东基尔布赖德、斯特拉撒文与莱斯马哈戈,苏格兰,苏格兰
224,东洛锡安,苏格兰,苏格兰
225,伊斯特本,东南英格兰,英格兰
226,伊斯特利,东南英格兰,英格兰
227,埃迪斯伯里,西北英格兰,英格兰
228,爱丁堡东,苏格兰,苏格兰
229,爱丁堡北与利斯,苏格兰,苏格兰
230,爱丁堡南,苏格兰,苏格兰
231,爱丁堡西南,苏格兰,苏格兰
232,爱丁堡西,苏格兰,苏格兰
233,埃德蒙顿,伦敦,英格兰
234,埃尔斯米尔港与内斯顿,西北英格兰,英格兰
235,埃尔梅特与罗斯韦尔,约克郡-亨伯,英格兰
236,埃尔瑟姆,伦敦,英格兰
237,恩菲尔德北,伦敦,英格兰
238,恩菲尔德南门,伦敦,英格兰
239,埃平森林,东英格兰,英格兰
240,埃普瑟姆与尤厄尔,东南英格兰,英格兰
241,埃里沃什,东米德兰兹,英格兰
242,伊里斯与泰晤士米德,伦敦,英格兰
243,埃舍尔与沃尔顿,东南英格兰,英格兰
244,埃克塞特,西南英格兰,英格兰
245,福尔柯克,苏格兰,苏格兰
246,法勒姆,东南英格兰,英格兰
247,法弗舍姆与中肯特,东南英格兰,英格兰
248,费尔瑟姆与希斯顿,伦敦,英格兰
249,弗马纳与南蒂龙,北爱尔兰,北爱尔兰
250,东北法夫,苏格兰,苏格兰
251,菲尔顿与布拉德利斯托克,西南英格兰,英格兰
252,芬奇利与戈尔德斯格林,伦敦,英格兰
253,福克斯通与海斯,东南英格兰,英格兰
254,迪恩森林,西南英格兰,英格兰
255,福伊尔,北爱尔兰,北爱尔兰
256,法尔德,西北英格兰,英格兰
257,盖恩斯伯勒,东米德兰兹,英格兰
258,加斯顿与黑尔伍德,西北英格兰,英格兰
259,盖茨黑德,东北英格兰,英格兰
260,格德灵,东米德兰兹,英格兰
261,吉林厄姆与雷纳姆,东南英格兰,英格兰
262,格拉斯哥中央,苏格兰,苏格兰
263,格拉斯哥东,苏格兰,苏格兰
264,格拉斯哥北,苏格兰,苏格兰
265,格拉斯哥东北,苏格兰,苏格兰
266,格拉斯哥西北,苏格兰,苏格兰
267,格拉斯哥南,苏格兰,苏格兰
268,格拉斯哥西南,苏格兰,苏格兰
269,格伦罗西斯,苏格兰,苏格兰
270,格洛斯特,西南英格兰,英格兰
271,戈登,苏格兰,苏格兰
272,戈斯波特,东南英格兰,英格兰
273,高尔,威尔士,威尔士
274,格兰瑟姆与斯坦福德,东米德兰兹,英格兰
275,格雷夫舍姆,东南英格兰,英格兰
276,大格里姆斯比,约克郡-亨伯,英格兰
277,大雅茅斯,东英格兰,英格兰
278,格林尼治与伍利奇,伦敦,英格兰
279,吉尔福德,东南英格兰,英格兰
280,哈克尼北与斯托克纽因顿,伦敦,英格兰
281,哈克尼南与肖尔迪奇,伦敦,英格兰
282,黑尔斯欧文与罗利里吉斯,西米德兰兹,英格兰
283,哈利法克斯,约克郡-亨伯,英格兰
284,霍尔特姆普赖斯与豪登,约克郡-亨伯,英格兰
285,霍尔顿,西北英格兰,英格兰
286,哈默史密斯,伦敦,英格兰
287,东汉普郡,东南英格兰,英格兰
288,东北汉普郡,东南英格兰,英格兰
289,西北汉普郡,东南英格兰,英格兰
290,汉普斯特德与基尔伯恩,伦敦,英格兰
291,哈伯勒,东米德兰兹,英格兰
292,哈洛,东英格兰,英格兰
293,哈罗盖特与克纳尔斯伯勒,约克郡-亨伯,英格兰
294,哈罗东,伦敦,英格兰
295,哈罗西,伦敦,英格兰
296,哈特尔浦,东北英格兰,英格兰
297,哈威奇与北埃塞克斯,东英格兰,英格兰
298,黑斯廷斯与拉伊,东南英格兰,英格兰
299,哈文特,东南英格兰,英格兰
300,海斯与哈灵顿,伦敦,英格兰
301,黑泽尔格罗夫,西北英格兰,英格兰
302,海默尔亨普斯特德,东英格兰,英格兰
303,赫姆斯沃思,约克郡-亨伯,英格兰
304,亨登,伦敦,英格兰
305,亨利,东南英格兰,英格兰
306,赫里福德与赫里福德郡,西南英格兰,英格兰
307,北赫里福德郡,西米德兰兹,英格兰
308,赫特福德与斯托福德,东英格兰,英格兰
309,东北赫特福德郡,东英格兰,英格兰
310,西南赫特福德郡,东英格兰,英格兰
311,赫茨米尔,东英格兰,英格兰
312,赫克瑟姆,东北英格兰,英格兰
313,海伍德与米德尔顿,西北英格兰,英格兰
314,海皮克,东米德兰兹,英格兰
315,希钦与哈彭登,东英格兰,英格兰
316,霍尔本与圣潘克拉斯,伦敦,英格兰
317,霍恩彻奇与厄普明斯特,伦敦,英格兰
318,霍恩西与伍德格林,伦敦,英格兰
319,霍舍姆,东南英格兰,英格兰
320,霍顿与桑德兰南,东北英格兰,英格兰
321,霍夫,东南英格兰,英格兰
322,哈德斯菲尔德,约克郡-亨伯,英格兰
323,赫尔东,约克郡-亨伯,英格兰
324,赫尔北,约克郡-亨伯,英格兰
325,赫尔西与赫塞尔,约克郡-亨伯,英格兰
326,亨廷登,东英格兰,英格兰
327,海因德伯恩,西北英格兰,英格兰
328,伊尔福德北,伦敦,英格兰
329,伊尔福德南,伦敦,英格兰
330,因弗克莱德,苏格兰,苏格兰
331,因弗内斯、奈恩、巴代诺克与斯特拉什佩,苏格兰,苏格兰
332,伊普斯威奇,东英格兰,英格兰
333,怀特岛,东南英格兰,英格兰
334,伊斯灵顿北,伦敦,英格兰
335,伊斯灵顿南与芬斯伯里,伦敦,英格兰
336,伊斯卢因,威尔士,威尔士
337,贾罗,东北英格兰,英格兰
338,基斯利,约克郡-亨伯,英格兰
339,凯尼尔沃思与索瑟姆,西米德兰兹,英格兰
340,肯辛顿,伦敦,英格兰
341,凯特林,东米德兰兹,英格兰
342,基尔马诺克与劳登,苏格兰,苏格兰
343,金斯顿与瑟比顿,伦敦,英格兰
344,金斯伍德,西南英格兰,英格兰
345,柯科迪与考登比斯,苏格兰,苏格兰
346,诺斯利,西北英格兰,英格兰
347,拉甘谷,北爱尔兰,北爱尔兰
348,拉纳克与汉密尔顿东,苏格兰,苏格兰
349,西兰开夏郡,西北英格兰,英格兰
350,兰开斯特与弗利特伍德,西北英格兰,英格兰
351,利兹中央,约克郡-亨伯,英格兰
352,利兹东,约克郡-亨伯,英格兰
353,利兹东北,约克郡-亨伯,英格兰
354,利兹西北,约克郡-亨伯,英格兰
355,利兹西,约克郡-亨伯,英格兰
356,莱斯特东,东米德兰兹,英格兰
357,莱斯特南,东米德兰兹,英格兰
358,莱斯特西,东米德兰兹,英格兰
359,西北莱斯特郡,东米德兰兹,英格兰
360,南莱斯特郡,东米德兰兹,英格兰
361,利,西北英格兰,英格兰
362,刘易斯,东南英格兰,英格兰
363,刘易舍姆德特福德,伦敦,英格兰
364,刘易舍姆东,伦敦,英格兰
365,刘易舍姆西与彭奇,伦敦,英格兰
366,莱顿与旺斯特德,伦敦,英格兰
367,利奇菲尔德,西米德兰兹,英格兰
368,林肯,东米德兰兹,英格兰
369,林利斯戈与东福尔柯克,苏格兰,苏格兰
370,利物浦河滨,西北英格兰,英格兰
371,利物浦沃尔顿,西北英格兰,英格兰
372,利物浦韦弗特里,西北英格兰,英格兰
373,利物浦西德比,西北英格兰,英格兰
374,利文斯顿,苏格兰,苏格兰
375,拉内利,威尔士,威尔士
376,伦敦德里东,北爱尔兰,北爱尔兰
377,拉夫堡,东米德兰兹,英格兰
378,劳斯与霍恩卡斯尔,东米德兰兹,英格兰
379,拉德洛,西米德兰兹,英格兰
380,卢顿北,东英格兰,英格兰
381,卢顿南,东英格兰,英格兰
382,麦克尔斯菲尔德,西北英格兰,英格兰
383,梅登黑德,东南英格兰,英格兰
384,梅德斯通与韦尔德,东南英格兰,英格兰
385,梅克菲尔德,西北英格兰,英格兰
386,莫尔登,东英格兰,英格兰
387,曼彻斯特中央,西北英格兰,英格兰
388,曼彻斯特戈顿,西北英格兰,英格兰
389,曼彻斯特威辛顿,西北英格兰,英格兰
390,曼斯菲尔德,东米德兰兹,英格兰
391,米恩谷,东南英格兰,英格兰
392,梅里登,西米德兰兹,英格兰
393,梅瑟蒂德菲尔与朗达谷,威尔士,威尔士
394,米德尔斯堡,东北英格兰,英格兰
395,米德尔斯堡南与东克利夫兰,东北英格兰,英格兰
396,中洛锡安,苏格兰,苏格兰
397,米尔顿凯恩斯北,东南英格兰,英格兰
398,米尔顿凯恩斯南,东南英格兰,英格兰
399,米查姆与莫登,伦敦,英格兰
400,莫尔谷,东南英格兰,英格兰
401,蒙茅斯,威尔士,威尔士
402,蒙哥马利郡,威尔士,威尔士
403,马里,苏格兰,苏格兰
404,莫克姆与兰斯代尔,西北英格兰,英格兰
405,莫利与奥特伍德,约克郡-亨伯,英格兰
406,马瑟韦尔与威肖,苏格兰,苏格兰
407,西部群岛,苏格兰,苏格兰
408,尼思,威尔士,威尔士
409,新福里斯特东,东南英格兰,英格兰
410,新福里斯特西,东南英格兰,英格兰
411,纽瓦克,东米德兰兹,英格兰
412,纽伯里,东南英格兰,英格兰
413,纽卡斯尔安德莱姆,西米德兰兹,英格兰
414,纽卡斯尔市中心,东北英格兰,英格兰
415,纽卡斯尔东,东北英格兰,英格兰
416,纽卡斯尔北,东北英格兰,英格兰
417,纽波特东,威尔士,威尔士
418,纽波特西,威尔士,威尔士
419,纽里与阿马,北爱尔兰,北爱尔兰
420,牛顿艾伯特,西南英格兰,英格兰
421,中诺福克,东英格兰,英格兰
422,北诺福克,东英格兰,英格兰
423,西北诺福克,东英格兰,英格兰
424,南诺福克,东英格兰,英格兰
425,西南诺福克,东英格兰,英格兰
426,诺曼顿、庞蒂弗拉克特与卡斯尔福德,约克郡-亨伯,英格兰
427,北安普顿北,东米德兰兹,英格兰
428,北安普顿南,东米德兰兹,英格兰
429,南诺森伯兰郡,东米德兰兹,英格兰
430,诺里奇北,东英格兰,英格兰
431,诺里奇南,东英格兰,英格兰
432,诺丁汉东,东米德兰兹,英格兰
433,诺丁汉北,东米德兰兹,英格兰
434,诺丁汉南,东米德兰兹,英格兰
435,纽尼顿,西米德兰兹,英格兰
436,奥赫尔特与南佩思郡,苏格兰,苏格兰
437,奥格莫尔,威尔士,威尔士
438,老贝克斯利与锡德卡普,伦敦,英格兰
439,奥尔德姆东与萨德尔沃思,西北英格兰,英格兰
440,奥尔德姆西与罗伊顿,西北英格兰,英格兰
441,奥克尼与设得兰,苏格兰,苏格兰
442,奥尔平顿,伦敦,英格兰
443,牛津东,东南英格兰,英格兰
444,牛津西与阿宾登,东南英格兰,英格兰
445,北佩斯利与伦弗鲁郡,苏格兰,苏格兰
446,南佩斯利与伦弗鲁郡,苏格兰,苏格兰
447,彭德尔,西北英格兰,英格兰
448,佩尼斯通与斯托克斯布里奇,约克郡-亨伯,英格兰
449,彭里斯与边境,西北英格兰,英格兰
450,珀斯与北珀斯郡,苏格兰,苏格兰
451,彼得伯勒,东英格兰,英格兰
452,普利茅斯穆尔维尤,西南英格兰,英格兰
453,普利茅斯萨顿与德文波特,西南英格兰,英格兰
454,庞蒂普里德,威尔士,威尔士
455,普尔,西南英格兰,英格兰
456,波普勒与莱姆豪斯,伦敦,英格兰
457,朴茨茅斯北,东南英格兰,英格兰
458,朴茨茅斯南,东南英格兰,英格兰
459,普雷塞利彭布罗克郡,威尔士,威尔士
460,普雷斯顿,西北英格兰,英格兰
461,帕德斯,约克郡-亨伯,英格兰
462,普特尼,伦敦,英格兰
463,罗利与威克福德,东英格兰,英格兰
464,雷丁东,东南英格兰,英格兰
465,雷丁西,东南英格兰,英格兰
466,雷德卡,东北英格兰,英格兰
467,雷迪奇,西米德兰兹,英格兰
468,赖盖特,东南英格兰,英格兰
469,东伦弗鲁郡,苏格兰,苏格兰
470,朗达,威尔士,威尔士
471,里布尔谷,西北英格兰,英格兰
472,里士满（约克郡）,约克郡-亨伯,英格兰
473,里士满公园,伦敦,英格兰
474,罗奇代尔,西北英格兰,英格兰
475,罗彻斯特与斯特鲁德,东南英格兰,英格兰
476,罗奇福德与东绍森德,东英格兰,英格兰
477,罗姆福德,伦敦,英格兰
478,罗姆西与南安普顿北,东南英格兰,英格兰
479,罗斯、斯凯与洛哈伯,苏格兰,苏格兰
480,罗森代尔与达温,西北英格兰,英格兰
481,罗瑟谷,约克郡-亨伯,英格兰
482,罗瑟勒姆,约克郡-亨伯,英格兰
483,拉格比,西米德兰兹,英格兰
484,赖斯利普、诺斯伍德与平纳,伦敦,英格兰
485,兰尼米德与韦布里奇,东南英格兰,英格兰
486,拉什克利夫,东米德兰兹,英格兰
487,拉瑟格伦与汉密尔顿西,苏格兰,苏格兰
488,拉特兰与梅尔顿,东米德兰兹,英格兰
489,萨弗伦沃尔登,东英格兰,英格兰
490,圣奥尔本斯,东英格兰,英格兰
491,圣奥斯特尔与纽基,西南英格兰,英格兰
492,圣海伦斯北,西北英格兰,英格兰
493,圣海伦斯南与惠斯顿,西北英格兰,英格兰
494,圣艾夫斯,西南英格兰,英格兰
495,索尔福德与埃克尔斯,西北英格兰,英格兰
496,索尔兹伯里,西南英格兰,英格兰
497,斯卡伯勒与惠特比,约克郡-亨伯,英格兰
498,斯肯索普,约克郡-亨伯,英格兰
499,塞奇菲尔德,东北英格兰,英格兰
500,塞夫顿中央,西北英格兰,英格兰
501,塞尔比与安斯蒂,约克郡-亨伯,英格兰
502,塞文欧克斯,东南英格兰,英格兰
503,谢菲尔德布赖特赛德与希尔斯伯勒,约克郡-亨伯,英格兰
504,谢菲尔德中央,约克郡-亨伯,英格兰
505,谢菲尔德哈勒姆,约克郡-亨伯,英格兰
506,谢菲尔德希利,约克郡-亨伯,英格兰
507,谢菲尔德东南,约克郡-亨伯,英格兰
508,舍伍德,东米德兰兹,英格兰
509,希普利,约克郡-亨伯,英格兰
510,什鲁斯伯里与阿查姆,西米德兰兹,英格兰
511,北什罗普郡,西米德兰兹,英格兰
512,锡廷伯恩与谢佩,东南英格兰,英格兰
513,斯基普顿与里彭,约克郡-亨伯,英格兰
514,斯利福德与北海克姆,东米德兰兹,英格兰
515,斯劳,东南英格兰,英格兰
516,索利赫尔,西米德兰兹,英格兰
517,北萨默塞特,西南英格兰,英格兰
518,东北萨默塞特,西南英格兰,英格兰
519,萨默顿与弗罗姆,西南英格兰,英格兰
520,南霍兰与迪平斯,东米德兰兹,英格兰
521,南里布尔,西北英格兰,英格兰
522,南希尔兹,东北英格兰,英格兰
523,南安普顿伊琴,东南英格兰,英格兰
524,南安普顿泰斯特,东南英格兰,英格兰
525,西绍森德,东英格兰,英格兰
526,绍斯波特,西北英格兰,英格兰
527,斯佩尔索恩,东南英格兰,英格兰
528,斯塔福德,西米德兰兹,英格兰
529,斯塔福德郡穆尔兰,西米德兰兹,英格兰
530,西南斯塔福德郡,西米德兰兹,英格兰
531,斯泰利布里奇与海德,西北英格兰,英格兰
532,史蒂夫尼奇,东英格兰,英格兰
533,斯特灵,苏格兰,苏格兰
534,斯托克波特,西北英格兰,英格兰
535,斯托克顿北,东北英格兰,英格兰
536,斯托克顿南,东北英格兰,英格兰
537,特伦特河畔斯托克中央,西米德兰兹,英格兰
538,特伦特河畔斯托克北,西米德兰兹,英格兰
539,特伦特河畔斯托克南,西米德兰兹,英格兰
540,斯通,西米德兰兹,英格兰
541,斯托布里奇,西米德兰兹,英格兰
542,斯特兰福德,北爱尔兰,北爱尔兰
543,埃文河畔斯特拉特福,西米德兰兹,英格兰
544,斯特里汉姆,伦敦,英格兰
545,斯特雷特福德与厄姆斯顿,西北英格兰,英格兰
546,斯特劳德,西南英格兰,英格兰
547,中萨福克与北伊普斯威奇,东英格兰,英格兰
548,萨福克沿海,东英格兰,英格兰
549,南萨福克,东英格兰,英格兰
550,西萨福克,东英格兰,英格兰
551,桑德兰中央,东北英格兰,英格兰
552,东萨里,东南英格兰,英格兰
553,萨里希思,东南英格兰,英格兰
554,西南萨里,东南英格兰,英格兰
555,中西萨塞克斯,东南英格兰,英格兰
556,萨顿与奇姆,伦敦,英格兰
557,萨顿科尔菲尔德,西米德兰兹,英格兰
558,斯旺西东,威尔士,威尔士
559,斯旺西西,威尔士,威尔士
560,斯温登北,西南英格兰,英格兰
561,斯温登南,西南英格兰,英格兰
562,塔姆沃思,西米德兰兹,英格兰
563,塔顿,西北英格兰,英格兰
564,汤顿迪恩,西南英格兰,英格兰
565,特尔福德,西米德兰兹,英格兰
566,特克斯伯里,西南英格兰,英格兰
567,北萨尼特,东南英格兰,英格兰
568,南萨尼特,东南英格兰,英格兰
569,瑟斯克与莫尔顿,约克郡-亨伯,英格兰
570,桑伯里与耶特,西南英格兰,英格兰
571,瑟罗克,东英格兰,英格兰
572,蒂弗顿与霍尼顿,西南英格兰,英格兰
573,汤布里奇与莫林,东南英格兰,英格兰
574,图廷,伦敦,英格兰
575,托贝,西南英格兰,英格兰
576,托法恩,威尔士,威尔士
577,托特尼斯,西南英格兰,英格兰
578,托特纳姆,伦敦,英格兰
579,特鲁罗与法尔茅斯,西南英格兰,英格兰
580,坦布里奇韦尔斯,东南英格兰,英格兰
581,特威克纳姆,伦敦,英格兰
582,泰恩茅斯,东北英格兰,英格兰
583,北泰恩赛德,东北英格兰,英格兰
584,西蒂龙,北爱尔兰,北爱尔兰
585,中阿尔斯特,北爱尔兰,北爱尔兰
586,上班恩,北爱尔兰,北爱尔兰
587,阿克斯布里奇与赖斯利普南,伦敦,英格兰
588,克卢伊德谷,威尔士,威尔士
589,格拉摩根谷,威尔士,威尔士
590,沃克斯霍尔,伦敦,英格兰
591,韦克菲尔德,约克郡-亨伯,英格兰
592,沃拉西,西北英格兰,英格兰
593,沃尔索尔北,西米德兰兹,英格兰
594,沃尔索尔南,西米德兰兹,英格兰
595,沃尔瑟姆斯托,伦敦,英格兰
596,旺斯贝克,东北英格兰,英格兰
597,旺蒂奇,东南英格兰,英格兰
598,沃利,西米德兰兹,英格兰
599,沃灵顿北,西北英格兰,英格兰
600,沃灵顿南,西北英格兰,英格兰
601,沃里克与利明顿,西米德兰兹,英格兰
602,北沃里克郡,西米德兰兹,英格兰
603,华盛顿与桑德兰西,东北英格兰,英格兰
604,沃特福德,东英格兰,英格兰
605,韦弗尼,东英格兰,英格兰
606,威尔登,东南英格兰,英格兰
607,韦弗谷,西北英格兰,英格兰
608,韦灵伯勒,东米德兰兹,英格兰
609,韦尔斯,西南英格兰,英格兰
610,韦林哈特菲尔德,东英格兰,英格兰
611,温特沃思与迪恩,约克郡-亨伯,英格兰
612,西布罗姆维奇东,西米德兰兹,英格兰
613,西布罗姆维奇西,西米德兰兹,英格兰
614,西汉姆,伦敦,英格兰
615,威斯敏斯特北,伦敦,英格兰
616,威斯特摩兰与朗斯代尔,西北英格兰,英格兰
617,韦斯顿-超级-马雷,西南英格兰,英格兰
618,威根,西北英格兰,英格兰
619,北威尔特郡,西南英格兰,英格兰
620,西南威尔特郡,西南英格兰,英格兰
621,温布尔登,伦敦,英格兰
622,温彻斯特,东南英格兰,英格兰
623,温莎,东南英格兰,英格兰
624,威勒尔南,西北英格兰,英格兰
625,威勒尔西,西北英格兰,英格兰
626,威瑟姆,东英格兰,英格兰
627,威特尼,东南英格兰,英格兰
628,沃金,东南英格兰,英格兰
629,沃金厄姆,东南英格兰,英格兰
630,伍尔弗汉普顿东北,西米德兰兹,英格兰
631,伍尔弗汉普顿东南,西米德兰兹,英格兰
632,伍尔弗汉普顿西南,西米德兰兹,英格兰
633,伍斯特,西米德兰兹,英格兰
634,中伍斯特郡,西米德兰兹,英格兰
635,西伍斯特郡,西米德兰兹,英格兰
636,沃金顿,西北英格兰,英格兰
637,沃斯利与埃克尔斯南,西北英格兰,英格兰
638,东沃辛与肖勒姆,东南英格兰,英格兰
639,西沃辛,东南英格兰,英格兰
640,雷金,西米德兰兹,英格兰
641,雷克瑟姆,威尔士,威尔士
642,海威科姆,东南英格兰,英格兰
643,怀尔与北普雷斯顿,西北英格兰,英格兰
644,怀尔森林,西米德兰兹,英格兰
645,威森肖与东塞尔,西北英格兰,英格兰
646,约维尔,西南英格兰,英格兰
647,安格尔西,威尔士,威尔士
648,约克中央,约克郡-亨伯,英格兰
649,约克外,约克郡-亨伯,英格兰
650,东约克郡,约克郡-亨伯,英格兰
